metric_a,metric_b,k,overlap_count,overlap_fraction,jaccard_similarity,spearman_rank_correlation,metric_a_top_nodes,metric_b_top_nodes
betweenness,closeness,5,3,0.6,0.4285714286,0.9173888387,"[20, 19, 5, 16, 25]","[19, 20, 13, 3, 5]"
betweenness,closeness,10,9,0.9,0.8181818182,0.9173888387,"[20, 19, 5, 16, 25, 1, 3, 36, 27, 29]","[19, 20, 13, 3, 5, 25, 16, 36, 29, 1]"
betweenness,eigenvalue,5,2,0.4,0.25,0.3311444653,"[20, 19, 5, 16, 25]","[25, 31, 29, 20, 36]"
betweenness,eigenvalue,10,4,0.4,0.25,0.3311444653,"[20, 19, 5, 16, 25, 1, 3, 36, 27, 29]","[25, 31, 29, 20, 36, 39, 23, 12, 30, 37]"
closeness,eigenvalue,5,1,0.2,0.1111111111,0.3656021496,"[19, 20, 13, 3, 5]","[25, 31, 29, 20, 36]"
closeness,eigenvalue,10,4,0.4,0.25,0.3656021496,"[19, 20, 13, 3, 5, 25, 16, 36, 29, 1]","[25, 31, 29, 20, 36, 39, 23, 12, 30, 37]"
